,Year,Predicted
0,2025,1433.4120879120892
1,2030,1197.7626373626408
2,2035,962.1131868131924
3,2040,726.4637362637441
4,2045,490.81428571428114
5,2050,255.16483516483277
6,2055,19.51538461538439
7,2060,-216.13406593406398
8,2065,-451.78351648351236
9,2070,-687.4329670329607
