,State,Renewable_MWh_Per_Capita,Non_Renewable_MWh_Per_Capita
0,ACT,0.1985768945586239,0.0
1,NSW,1.6677204114931772,6.516220621412129
2,NT,0.053782162894176824,9.207407407407407
3,QLD,0.9205449892923735,11.47533347633442
4,SA,3.708706517370599,2.9856043953576616
5,TAS,18.21818566604074,0.15542594575399366
6,VIC,1.4719013219207961,5.443137539515316
7,WA,1.3818240874337318,7.693242096129888
