,Year,Prediction
0,2025,380.8767807585573
1,2030,401.0767499229114
2,2035,421.2767190872655
3,2040,441.47668825161963
4,2045,461.67665741597375
5,2050,481.87662658032787
