,Year,Prediction
0,2025,6652.224292321916
1,2030,7061.052352759783
2,2035,7469.88041319765
3,2040,7878.708473635517
4,2045,8287.536534073384
5,2050,8696.364594511251
