,Year,Predicted
0,2025,380.8767807585573
1,2030,401.0767499229114
2,2035,421.2767190872655
3,2040,441.47668825161963
4,2045,461.67665741597375
5,2050,481.87662658032787
6,2055,502.076595744682
7,2060,522.2765649090361
8,2065,542.4765340733902
9,2070,562.6765032377425
