,Year,Predicted
0,2025,2585.702197802202
1,2030,2738.037362637362
2,2035,2890.3725274725293
3,2040,3042.7076923076966
4,2045,3195.0428571428565
5,2050,3347.3780219780238
6,2055,3499.713186813191
7,2060,3652.048351648351
8,2065,3804.383516483518
9,2070,3956.7186813186854
