,Year,Predicted
0,2025,6652.224292321916
1,2030,7061.052352759783
2,2035,7469.88041319765
3,2040,7878.708473635517
4,2045,8287.536534073384
5,2050,8696.364594511251
6,2055,9105.192654949118
7,2060,9514.020715386985
8,2065,9922.848775824852
9,2070,10331.676836262719
